aggregate,key,count,mean_cosine_similarity,min_cosine_similarity,max_cosine_similarity
head,0,1288,0.7245828817300237,1.3354017028177623e-05,0.999987781047821
head,1,1288,0.7241683463277776,1.2861170262112864e-07,0.9999849200248718
head,10,1288,0.7967947104176425,0.03838856890797615,0.9999871253967285
head,11,1288,0.766934017758657,0.0003533346171025187,0.9999969601631165
head,12,1288,0.7563710484381835,0.015369245782494545,0.9999306797981262
head,13,1288,0.7955813691018566,0.01029838714748621,0.9999919533729553
head,14,1288,0.8044196922593915,0.00016994345060084015,0.9999927878379822
head,15,1288,0.795288133682187,0.00019664868887048215,0.9999355673789978
head,16,1288,0.7663195932931874,0.015470368787646294,0.9999927878379822
head,17,1288,0.7714718528837038,0.0008794055320322514,0.9999918937683105
head,18,1288,0.798639310815516,0.00047149378224276006,0.9999829530715942
head,19,1288,0.788951193416883,0.002679157769307494,0.9999917149543762
head,2,1288,0.7260293019507077,7.129101931013793e-08,0.9999876022338867
head,20,1288,0.7987072058340176,0.00873897410929203,0.999982476234436
head,21,1288,0.7604592339587087,0.0008948332397267222,0.9999982714653015
head,22,1288,0.7780208661414988,1.340716551112564e-07,0.9999976754188538
head,23,1288,0.764625101052024,3.657590423244983e-05,0.999942421913147
head,3,1288,0.7992234456702045,0.0005189638468436897,0.9999799728393555
head,4,1288,0.7878023231149777,0.0006990897818468511,0.9999502301216125
head,5,1288,0.7978017036713134,0.0005858680815435946,0.9999881982803345
head,6,1288,0.7342635139704375,0.004835457541048527,0.9999927282333374
head,7,1288,0.7780532785297244,0.004407801665365696,0.9999926686286926
head,8,1288,0.7501753311376628,0.00015919697762001306,0.9999521970748901
head,9,1288,0.7788694346647548,0.017068523913621902,0.9999934434890747
layer,0,1104,0.18104105550397195,7.129101931013793e-08,0.741130530834198
layer,1,1104,0.24861934229535848,0.01234455406665802,0.5238157510757446
layer,10,1104,0.6296872409322426,0.0006990897818468511,0.9988799095153809
layer,11,1104,0.7109346189856718,0.028485918417572975,0.999764621257782
layer,12,1104,0.5463476104189834,0.0008794055320322514,0.9984853863716125
layer,13,1104,0.6738876005916556,0.00016994345060084015,0.9998006820678711
layer,14,1104,0.6699900424918223,1.3376096831052564e-05,0.9998674392700195
layer,15,1104,0.7926143374607963,0.0005189638468436897,0.999871015548706
layer,16,1104,0.8879124150826364,0.0011390353320166469,0.9999876022338867
layer,17,1104,0.868004790119206,0.016429541632533073,0.9998816251754761
layer,18,1104,0.8801838844661108,0.005182077642530203,0.9999141693115234
layer,19,1104,0.8900945666890407,0.001212693634442985,0.9999744892120361
layer,2,1104,0.9566067908165059,0.0289455596357584,0.9999976754188538
layer,20,1104,0.9740745134624667,0.059467196464538574,0.9999927282333374
layer,21,1104,0.9216849584353032,0.002679157769307494,0.9999774694442749
layer,22,1104,0.9455757378448691,0.011512001976370811,0.9999829530715942
layer,23,1104,0.8883536826326526,0.032702866941690445,0.99997478723526
layer,24,1104,0.7889608117891813,0.004407801665365696,0.9999927878379822
layer,25,1104,0.8637606196216834,0.015470368787646294,0.9999969601631165
layer,26,1104,0.7602411211561918,0.0028033670969307423,0.9999409317970276
layer,27,1104,0.7592000910048807,0.0003533346171025187,0.9997940063476562
layer,3,1104,0.98096381848597,0.2930072844028473,0.9999881982803345
layer,4,1104,0.9311283892467686,0.003378823399543762,0.9999982714653015
layer,5,1104,0.8399939750303494,0.006603769492357969,0.9999926686286926
layer,6,1104,0.8446746199402116,0.001536585041321814,0.9996912479400635
layer,7,1104,0.8165209222099056,0.03235822170972824,0.999833345413208
layer,8,1104,0.6895989248086272,0.00015919697762001306,0.999697208404541
layer,9,1104,0.693488556601485,0.015369245782494545,0.9997757077217102
layer_head,0/0,46,0.09986405875934393,1.3354017028177623e-05,0.6630411744117737
layer_head,0/1,46,0.021602660165764512,1.2861170262112864e-07,0.2958846092224121
layer_head,0/10,46,0.3337132443228494,0.07545112818479538,0.5800274014472961
layer_head,0/11,46,0.331426241637572,0.03137858211994171,0.5819276571273804
layer_head,0/12,46,0.14799074658557124,0.033285874873399734,0.39184126257896423
layer_head,0/13,46,0.3416032000728276,0.15000222623348236,0.5396723747253418
layer_head,0/14,46,0.2510498771848886,0.08433715999126434,0.5006917715072632
layer_head,0/15,46,0.11680230877770911,0.00019664868887048215,0.7319275736808777
layer_head,0/16,46,0.4149917445105055,0.19501076638698578,0.6276654601097107
layer_head,0/17,46,0.3572256994312224,0.05717833340167999,0.741130530834198
layer_head,0/18,46,0.12003705637091669,0.00047149378224276006,0.622943639755249
layer_head,0/19,46,0.09287825155922252,0.005567462183535099,0.3303891718387604
layer_head,0/2,46,0.043834371626508564,7.129101931013793e-08,0.2508328855037689
layer_head,0/20,46,0.12973101898703887,0.00873897410929203,0.6008816361427307
layer_head,0/21,46,0.245138436636847,0.00841780100017786,0.6666795015335083
layer_head,0/22,46,0.0022120891204344202,1.340716551112564e-07,0.0170107614248991
layer_head,0/23,46,0.010651822031080805,3.657590423244983e-05,0.06685985624790192
layer_head,0/3,46,0.10369372782904816,0.004019557498395443,0.27875685691833496
layer_head,0/4,46,0.08979295886314029,0.0013260568957775831,0.2989157438278198
layer_head,0/5,46,0.113831435685785,0.0005858680815435946,0.42706939578056335
layer_head,0/6,46,0.2529879505543605,0.08945982903242111,0.5274515151977539
layer_head,0/7,46,0.22369935753269363,0.007431777659803629,0.5081076622009277
layer_head,0/8,46,0.19719234978971223,0.00023962439445313066,0.5955919027328491
layer_head,0/9,46,0.30303472406028403,0.017068523913621902,0.6005058884620667
layer_head,1/0,46,0.1969128487550694,0.11220522969961166,0.2830702066421509
layer_head,1/1,46,0.21155017646758453,0.12778203189373016,0.3174017071723938
layer_head,1/10,46,0.26884120346411416,0.13038761913776398,0.35442203283309937
layer_head,1/11,46,0.2627656158545743,0.20251105725765228,0.3234791159629822
layer_head,1/12,46,0.25903334954510565,0.18297168612480164,0.34706249833106995
layer_head,1/13,46,0.23792527891371562,0.10116138309240341,0.30494317412376404
layer_head,1/14,46,0.29425255273995193,0.19944344460964203,0.37449878454208374
layer_head,1/15,46,0.1895436957154585,0.06413646787405014,0.2960232198238373
layer_head,1/16,46,0.21780337555252988,0.14162202179431915,0.27531635761260986
layer_head,1/17,46,0.20774347756219946,0.01736501045525074,0.5238157510757446
layer_head,1/18,46,0.3336211248584416,0.30102238059043884,0.3802544176578522
layer_head,1/19,46,0.3075088735507882,0.19090679287910461,0.3594032824039459
layer_head,1/2,46,0.27770924600570096,0.22750146687030792,0.3525136411190033
layer_head,1/20,46,0.2909189857866453,0.20601831376552582,0.3790106773376465
layer_head,1/21,46,0.3342427245300749,0.2259751409292221,0.4659830629825592
layer_head,1/22,46,0.18611942782350208,0.1108161062002182,0.2837413251399994
layer_head,1/23,46,0.22093233077422433,0.17539413273334503,0.2953725755214691
layer_head,1/3,46,0.22531525223799373,0.01234455406665802,0.35942044854164124
layer_head,1/4,46,0.22327822900336722,0.15185146033763885,0.3742624819278717
layer_head,1/5,46,0.20194174887855415,0.013699853792786598,0.35707178711891174
layer_head,1/6,46,0.2549828828676887,0.13566385209560394,0.43149104714393616
layer_head,1/7,46,0.2763430858435838,0.24654421210289001,0.3057464361190796
layer_head,1/8,46,0.20139760661708273,0.057190265506505966,0.2769664525985718
layer_head,1/9,46,0.2861811217406522,0.15094919502735138,0.38647979497909546
layer_head,10/0,46,0.2272686464914485,0.005984972231090069,0.8195446729660034
layer_head,10/1,46,0.5338031581562498,0.1418270617723465,0.934566855430603
layer_head,10/10,46,0.8786126621391462,0.511337399482727,0.9900968074798584
layer_head,10/11,46,0.8581755705501722,0.3097010552883148,0.9954795241355896
layer_head,10/12,46,0.4700304600207702,0.03446336090564728,0.9069358706474304
layer_head,10/13,46,0.5183418074055858,0.11339383572340012,0.9205723404884338
layer_head,10/14,46,0.7338711732755536,0.10061188042163849,0.9676642417907715
layer_head,10/15,46,0.9477004201515861,0.872845470905304,0.9944217205047607
layer_head,10/16,46,0.9392316341400146,0.2652520537376404,0.9988799095153809
layer_head,10/17,46,0.7656398927387984,0.4244808256626129,0.9170024991035461
layer_head,10/18,46,0.6828430644843889,0.4425104260444641,0.9045523405075073
layer_head,10/19,46,0.743037690287051,0.31824958324432373,0.9405496716499329
layer_head,10/2,46,0.8087835616391638,0.4347832500934601,0.989688515663147
layer_head,10/20,46,0.7470018837762915,0.29834479093551636,0.9655293822288513
layer_head,10/21,46,0.7023721149434214,0.2581474483013153,0.9938290119171143
layer_head,10/22,46,0.5481206175425778,0.16027627885341644,0.9942720532417297
layer_head,10/23,46,0.2912004506620376,0.04239822179079056,0.8477384448051453
layer_head,10/3,46,0.27146457767356996,0.012254564091563225,0.9164783954620361
layer_head,10/4,46,0.09484022965973607,0.0006990897818468511,0.9181584119796753
layer_head,10/5,46,0.4539577290415764,0.24698235094547272,0.9591584205627441
layer_head,10/6,46,0.6219275017147479,0.07940225303173065,0.9683906435966492
layer_head,10/7,46,0.6286455292416655,0.22271032631397247,0.9132641553878784
layer_head,10/8,46,0.6994093436261882,0.3342452049255371,0.9638478755950928
layer_head,10/9,46,0.9462140630120817,0.5444245338439941,0.9973737001419067
layer_head,11/0,46,0.24006360137592192,0.03752830624580383,0.5890276432037354
layer_head,11/1,46,0.5578390600402718,0.029214512556791306,0.900627076625824
layer_head,11/10,46,0.6348598184792892,0.1630457490682602,0.8772770166397095
layer_head,11/11,46,0.7108751503021821,0.3471543788909912,0.9302178621292114
layer_head,11/12,46,0.7297572234402532,0.18704372644424438,0.993645429611206
layer_head,11/13,46,0.7456648135962693,0.3185804784297943,0.9679543375968933
layer_head,11/14,46,0.8523443090203016,0.0943034365773201,0.9892042875289917
layer_head,11/15,46,0.6645793558462806,0.4232170581817627,0.8974963426589966
layer_head,11/16,46,0.6872332902706187,0.14111050963401794,0.9968293905258179
layer_head,11/17,46,0.9549348814331967,0.13193145394325256,0.999764621257782
layer_head,11/18,46,0.6218332564458251,0.028485918417572975,0.9449913501739502
layer_head,11/19,46,0.7582652231921321,0.1831144094467163,0.9842930436134338
layer_head,11/2,46,0.32567516665743745,0.06788738071918488,0.7147475481033325
layer_head,11/20,46,0.7187634836072507,0.29387301206588745,0.920815110206604
layer_head,11/21,46,0.9208629733842352,0.45023277401924133,0.9958556294441223
layer_head,11/22,46,0.36376443472893344,0.13204628229141235,0.8612129092216492
layer_head,11/23,46,0.700490454616754,0.2163049578666687,0.9492820501327515
layer_head,11/3,46,0.9531348684559697,0.563476026058197,0.9967569708824158
layer_head,11/4,46,0.9193426940752112,0.6715776324272156,0.9900112152099609
layer_head,11/5,46,0.9748211140217988,0.8735957145690918,0.9950783848762512
layer_head,11/6,46,0.7358504715173141,0.37062007188796997,0.9638471007347107
layer_head,11/7,46,0.7253488833489625,0.3165058195590973,0.9794710278511047
layer_head,11/8,46,0.8331529426833858,0.406730055809021,0.9808915853500366
layer_head,11/9,46,0.7329733851163284,0.23001351952552795,0.9770253300666809
layer_head,12/0,46,0.5498148364865262,0.28026890754699707,0.9465081095695496
layer_head,12/1,46,0.44778300951356476,0.10738584399223328,0.9532275199890137
layer_head,12/10,46,0.8159390752730162,0.4019286036491394,0.9833295345306396
layer_head,12/11,46,0.6633291020179573,0.021702896803617477,0.9946844577789307
layer_head,12/12,46,0.2680464768377335,0.061923880130052567,0.6327723860740662
layer_head,12/13,46,0.7336111774911052,0.24394658207893372,0.9783815145492554
layer_head,12/14,46,0.3933909034923367,0.08288466930389404,0.8311073184013367
layer_head,12/15,46,0.9288273531457653,0.5140785574913025,0.9982144236564636
layer_head,12/16,46,0.7518993040303821,0.03672534227371216,0.9980364441871643
layer_head,12/17,46,0.3088885455483409,0.0008794055320322514,0.993990957736969
layer_head,12/18,46,0.6545540729294652,0.23951563239097595,0.9359975457191467
layer_head,12/19,46,0.6400004298142765,0.24441559612751007,0.9923282265663147
layer_head,12/2,46,0.38877168799871986,0.07322987169027328,0.765588641166687
layer_head,12/20,46,0.6340922023291173,0.12825453281402588,0.9957044720649719
layer_head,12/21,46,0.12444439105203618,0.00999397225677967,0.3530900478363037
layer_head,12/22,46,0.8993973139187564,0.18867455422878265,0.9984853863716125
layer_head,12/23,46,0.22827188808308996,0.019745979458093643,0.903474748134613
layer_head,12/3,46,0.2657752924436784,0.01094425655901432,0.9927467703819275
layer_head,12/4,46,0.35482459430299373,0.009174840524792671,0.98335862159729
layer_head,12/5,46,0.5233941587174068,0.0168903935700655,0.9250724911689758
layer_head,12/6,46,0.4247649063396713,0.04415932670235634,0.9084011912345886
layer_head,12/7,46,0.5781683494215426,0.239280104637146,0.9688830375671387
layer_head,12/8,46,0.6212322906307552,0.29886549711227417,0.8950401544570923
layer_head,12/9,46,0.9131212882373644,0.5146074891090393,0.9962908625602722
layer_head,13/0,46,0.951553912266441,0.8326354622840881,0.9913461208343506
layer_head,13/1,46,0.9621763903161754,0.7968458533287048,0.9980114102363586
layer_head,13/10,46,0.6185855761818264,0.3065309226512909,0.9618822932243347
layer_head,13/11,46,0.6417632580167897,0.008144807070493698,0.995182454586029
layer_head,13/12,46,0.24894942622631788,0.029528265818953514,0.6664872169494629
layer_head,13/13,46,0.5414195940222429,0.04410748556256294,0.9684730172157288
layer_head,13/14,46,0.1530078110571713,0.00016994345060084015,0.45642730593681335
layer_head,13/15,46,0.6151278383381988,0.07472627609968185,0.9811767935752869
layer_head,13/16,46,0.6624464570828106,0.1760832816362381,0.9761205911636353
layer_head,13/17,46,0.6892238567056863,0.17829081416130066,0.9558374285697937
layer_head,13/18,46,0.8836872661891191,0.28038838505744934,0.9972660541534424
layer_head,13/19,46,0.8094266154195952,0.2866308093070984,0.9760103225708008
layer_head,13/2,46,0.9412068802377452,0.49696505069732666,0.9998006820678711
layer_head,13/20,46,0.9451524485712466,0.7474384307861328,0.9889983534812927
layer_head,13/21,46,0.6531520508553671,0.0928976833820343,0.9174590110778809
layer_head,13/22,46,0.8843061340891797,0.5256741642951965,0.9900417327880859
layer_head,13/23,46,0.5863749303895495,0.14077851176261902,0.9103050231933594
layer_head,13/3,46,0.8698321231033491,0.2810381054878235,0.9920704960823059
layer_head,13/4,46,0.8563916449961455,0.5359657406806946,0.9863396286964417
layer_head,13/5,46,0.7643083528332089,0.31481754779815674,0.9881500601768494
layer_head,13/6,46,0.06711124163120985,0.004835457541048527,0.1853097677230835
layer_head,13/7,46,0.6954167375098104,0.26990726590156555,0.9138280153274536
layer_head,13/8,46,0.4172829324784486,0.019243352115154266,0.886401355266571
layer_head,13/9,46,0.7153989356820998,0.09282484650611877,0.9878374338150024
layer_head,14/0,46,0.15690333359247155,0.0038799068424850702,0.5887781381607056
layer_head,14/1,46,0.7554387359515481,0.07069489359855652,0.9998674392700195
layer_head,14/10,46,0.9884192062460858,0.7627909779548645,0.9994890689849854
layer_head,14/11,46,0.9848769967970641,0.8387347459793091,0.9996185898780823
layer_head,14/12,46,0.6513521039615506,0.1275123506784439,0.996454656124115
layer_head,14/13,46,0.9175399451152139,0.5777181386947632,0.9914175868034363
layer_head,14/14,46,0.9930951647136522,0.9666928052902222,0.9996393322944641
layer_head,14/15,46,0.9048592571331107,0.4363504946231842,0.9992537498474121
layer_head,14/16,46,0.7164943506536277,0.06364034116268158,0.9962566494941711
layer_head,14/17,46,0.9128522419411204,0.6373758316040039,0.9950178265571594
layer_head,14/18,46,0.7310341149568558,0.3408348560333252,0.9223386645317078
layer_head,14/19,46,0.9175342787867007,0.6928103566169739,0.9908194541931152
layer_head,14/2,46,0.0880209974154201,1.3376096831052564e-05,0.8995998501777649
layer_head,14/20,46,0.8694716261132903,0.2282252460718155,0.9971618056297302
layer_head,14/21,46,0.200198268155952,0.0008948332397267222,0.8878114223480225
layer_head,14/22,46,0.10818547736214343,0.0001253506343346089,0.9698566794395447
layer_head,14/23,46,0.5936489868099275,0.03290219604969025,0.9533832669258118
layer_head,14/3,46,0.8182791782462079,0.37799808382987976,0.9815970659255981
layer_head,14/4,46,0.3291033680510262,0.05647172033786774,0.6632811427116394
layer_head,14/5,46,0.5619435451276924,0.040707193315029144,0.9891284108161926
layer_head,14/6,46,0.5275825239394022,0.14679737389087677,0.9671608209609985
layer_head,14/7,46,0.8395001369973888,0.5086272954940796,0.9978543519973755
layer_head,14/8,46,0.5943944493065709,0.2942764461040497,0.9413987994194031
layer_head,14/9,46,0.9190327324297117,0.295310378074646,0.9990538358688354
layer_head,15/0,46,0.9981743615606556,0.9940271973609924,0.9997549653053284
layer_head,15/1,46,0.2785248559211259,0.012706676498055458,0.8926739692687988
layer_head,15/10,46,0.5644113635239394,0.0732526034116745,0.9818758368492126
layer_head,15/11,46,0.6673097305971644,0.21601185202598572,0.9589832425117493
layer_head,15/12,46,0.9927310593750166,0.9367759227752686,0.999871015548706
layer_head,15/13,46,0.9920957256918368,0.9494761228561401,0.9991387128829956
layer_head,15/14,46,0.8955354842802753,0.1508813053369522,0.9987301826477051
layer_head,15/15,46,0.8394139932225579,0.09624744206666946,0.9987285733222961
layer_head,15/16,46,0.9204870630865511,0.674241304397583,0.9981367588043213
layer_head,15/17,46,0.9550415381141331,0.7045800685882568,0.998153030872345
layer_head,15/18,46,0.7391466446544813,0.08985769748687744,0.998679518699646
layer_head,15/19,46,0.909577163665191,0.512323260307312,0.9996896386146545
layer_head,15/2,46,0.9552492240200872,0.8113797307014465,0.9934893250465393
layer_head,15/20,46,0.7842602967082158,0.04993091896176338,0.9963788390159607
layer_head,15/21,46,0.9821275213490361,0.8362262845039368,0.9988807439804077
layer_head,15/22,46,0.8845613615020461,0.10706953704357147,0.997690737247467
layer_head,15/23,46,0.9266246861737707,0.3713837265968323,0.9987144470214844
layer_head,15/3,46,0.6701332242595052,0.0005189638468436897,0.9927716851234436
layer_head,15/4,46,0.6138556045682534,0.13235075771808624,0.9677072763442993
layer_head,15/5,46,0.6089732983837957,0.1375361680984497,0.9166809320449829
layer_head,15/6,46,0.7951575789762579,0.31297552585601807,0.998938798904419
layer_head,15/7,46,0.5431622756726068,0.04375205561518669,0.9994196891784668
layer_head,15/8,46,0.8966912037652471,0.39227598905563354,0.9932904243469238
layer_head,15/9,46,0.6094988399873609,0.17671844363212585,0.9304973483085632
layer_head,16/0,46,0.9979525182558142,0.9888429641723633,0.9997870326042175
layer_head,16/1,46,0.9932284277418385,0.9509000778198242,0.9994346499443054
layer_head,16/10,46,0.9559564473836318,0.7515532970428467,0.9958056807518005
layer_head,16/11,46,0.8486095062740471,0.09006702154874802,0.990616500377655
layer_head,16/12,46,0.913438729374953,0.05793077126145363,0.9997385144233704
layer_head,16/13,46,0.9977395003256591,0.9877137541770935,0.9998753666877747
layer_head,16/14,46,0.9423497954140538,0.6509031057357788,0.9995328187942505
layer_head,16/15,46,0.8923652120258497,0.4856681227684021,0.9988687038421631
layer_head,16/16,46,0.9045533116744913,0.4975528419017792,0.9966095089912415
layer_head,16/17,46,0.7602676464163739,0.1803937554359436,0.9983359575271606
layer_head,16/18,46,0.9194089031737783,0.6133190989494324,0.9957774877548218
layer_head,16/19,46,0.5339386132748231,0.02018468827009201,0.9618387222290039
layer_head,16/2,46,0.9983393718367037,0.9349158406257629,0.9999876022338867
layer_head,16/20,46,0.9759014482083528,0.6920111775398254,0.9992076754570007
layer_head,16/21,46,0.6406562456294246,0.008627014234662056,0.9838292002677917
layer_head,16/22,46,0.9734148797781571,0.7846274375915527,0.9995471239089966
layer_head,16/23,46,0.9944869914780492,0.9638159871101379,0.9997948408126831
layer_head,16/3,46,0.7614350457367002,0.0011390353320166469,0.9996545910835266
layer_head,16/4,46,0.8704119363556737,0.681029736995697,0.982511579990387
layer_head,16/5,46,0.9994896054267883,0.9937348365783691,0.9999532103538513
layer_head,16/6,46,0.9523896885954816,0.6067813634872437,0.9986435770988464
layer_head,16/7,46,0.940068412086238,0.7025370597839355,0.9964982867240906
layer_head,16/8,46,0.9069080624891364,0.6365824341773987,0.9962825775146484
layer_head,16/9,46,0.6365876630272554,0.0662660002708435,0.9297512173652649
layer_head,17/0,46,0.7862478261408599,0.4016586244106293,0.9955025315284729
layer_head,17/1,46,0.9739180855129076,0.8900294899940491,0.9990087747573853
layer_head,17/10,46,0.5493808275331622,0.07741337269544601,0.9744592308998108
layer_head,17/11,46,0.6160436389238938,0.05638071149587631,0.9990305304527283
layer_head,17/12,46,0.8651561102141505,0.5526508092880249,0.99693363904953
layer_head,17/13,46,0.9509142468804899,0.7191789150238037,0.9976772665977478
layer_head,17/14,46,0.9980441539183907,0.9907719492912292,0.9998308420181274
layer_head,17/15,46,0.7928201886622802,0.21587014198303223,0.9914736151695251
layer_head,17/16,46,0.9802587861600129,0.7494181394577026,0.9995952844619751
layer_head,17/17,46,0.7467078304161197,0.09197083115577698,0.9904206395149231
layer_head,17/18,46,0.9962831333927487,0.9734799265861511,0.9993932843208313
layer_head,17/19,46,0.9609982980334241,0.6373807787895203,0.9993219375610352
layer_head,17/2,46,0.5714957639979927,0.016429541632533073,0.991184413433075
layer_head,17/20,46,0.9962690446687781,0.9474728107452393,0.9997154474258423
layer_head,17/21,46,0.9942005911599034,0.9655017256736755,0.9993416666984558
layer_head,17/22,46,0.9542246720065242,0.5857925415039062,0.9978873133659363
layer_head,17/23,46,0.9669567152209904,0.7173672914505005,0.9974873661994934
layer_head,17/3,46,0.9914076924324036,0.9206652641296387,0.9996803402900696
layer_head,17/4,46,0.9876781287400619,0.7711764574050903,0.9998816251754761
layer_head,17/5,46,0.9819793584554092,0.805366575717926,0.9997562766075134
layer_head,17/6,46,0.8998489159604778,0.5836998224258423,0.9941698312759399
layer_head,17/7,46,0.941476508975029,0.46133169531822205,0.9978214502334595
layer_head,17/8,46,0.8779733245787413,0.5250928997993469,0.9914392232894897
layer_head,17/9,46,0.45183112087619043,0.0289682038128376,0.993133544921875
layer_head,18/0,46,0.9540456663007322,0.7809059023857117,0.9988091588020325
layer_head,18/1,46,0.5248550886045331,0.011964704841375351,0.9896538257598877
layer_head,18/10,46,0.8002926474032195,0.08975237607955933,0.9983532428741455
layer_head,18/11,46,0.33698220615801605,0.027754634618759155,0.8719073534011841
layer_head,18/12,46,0.9722742739578952,0.13214470446109772,0.9998246431350708
layer_head,18/13,46,0.9980195657066677,0.9921475648880005,0.9998611807823181
layer_head,18/14,46,0.9975301908410114,0.9752278923988342,0.9996467232704163
layer_head,18/15,46,0.5956196278920802,0.005182077642530203,0.9992871880531311
layer_head,18/16,46,0.981943147337955,0.7118368148803711,0.9999061822891235
layer_head,18/17,46,0.818666614268137,0.1081022173166275,0.9979214072227478
layer_head,18/18,46,0.940286591001179,0.4645680785179138,0.9991226196289062
layer_head,18/19,46,0.8559268275680749,0.22441305220127106,0.9989725351333618
layer_head,18/2,46,0.9799318430216416,0.680020809173584,0.999835729598999
layer_head,18/20,46,0.9259166613869045,0.5950238704681396,0.9970822930335999
layer_head,18/21,46,0.9315612082896025,0.6549811363220215,0.994019091129303
layer_head,18/22,46,0.9182897048152011,0.3162512183189392,0.9999040365219116
layer_head,18/23,46,0.9961412510146266,0.9743775725364685,0.9999141693115234
layer_head,18/3,46,0.9587139707544575,0.7525309920310974,0.9982379674911499
layer_head,18/4,46,0.9871542090954988,0.8337936997413635,0.9995264410972595
layer_head,18/5,46,0.9618655993886616,0.3061662018299103,0.9997690916061401
layer_head,18/6,46,0.9340120087499204,0.7195664644241333,0.9999139308929443
layer_head,18/7,46,0.9214926715130392,0.12474475800991058,0.9994586110115051
layer_head,18/8,46,0.9314287810221963,0.7763707637786865,0.9968858957290649
layer_head,18/9,46,0.9014628710954086,0.6971116662025452,0.9939339756965637
layer_head,19/0,46,0.8179373890161514,0.4657757580280304,0.9985413551330566
layer_head,19/1,46,0.6611941523379241,0.001212693634442985,0.9911141395568848
layer_head,19/10,46,0.9971802377182505,0.9866188168525696,0.999881386756897
layer_head,19/11,46,0.9909031041290449,0.9292401671409607,0.9999251961708069
layer_head,19/12,46,0.9944946558579154,0.9768751859664917,0.9995610117912292
layer_head,19/13,46,0.9925778819167096,0.85809326171875,0.9999744892120361
layer_head,19/14,46,0.9094500684219858,0.4433767795562744,0.9937530159950256
layer_head,19/15,46,0.8893568671267965,0.19231733679771423,0.9980921745300293
layer_head,19/16,46,0.827549929852071,0.2022666037082672,0.9991341233253479
layer_head,19/17,46,0.8355291469589524,0.09852206707000732,0.9957903027534485
layer_head,19/18,46,0.9956342085548069,0.9712487459182739,0.9997764825820923
layer_head,19/19,46,0.9733670340931934,0.8421885371208191,0.9994702935218811
layer_head,19/2,46,0.8284972161054611,0.42515769600868225,0.9966758489608765
layer_head,19/20,46,0.9879497626553411,0.8130915760993958,0.9998061656951904
layer_head,19/21,46,0.8712686325281697,0.006031069438904524,0.9996507167816162
layer_head,19/22,46,0.9154174217711324,0.1116650402545929,0.9999117851257324
layer_head,19/23,46,0.9351827910412913,0.08794888854026794,0.99993497133255
layer_head,19/3,46,0.9057369873575543,0.3399737477302551,0.9973594546318054
layer_head,19/4,46,0.8229511794836625,0.544416606426239,0.9705900549888611
layer_head,19/5,46,0.5809291913781477,0.05255790799856186,0.9817194938659668
layer_head,19/6,46,0.8871849530740924,0.11103013902902603,0.9993669986724854
layer_head,19/7,46,0.8993062811053317,0.096517413854599,0.9983572363853455
layer_head,19/8,46,0.8650937378406525,0.3365253210067749,0.9908112287521362
layer_head,19/9,46,0.9775767702123394,0.8389402031898499,0.9989478588104248
layer_head,2/0,46,0.9881480465764585,0.6518867611885071,0.9999686479568481
layer_head,2/1,46,0.9986578044684037,0.9720760583877563,0.9999849200248718
layer_head,2/10,46,0.9687787294387817,0.7383578419685364,0.9999573826789856
layer_head,2/11,46,0.886204436947794,0.0289455596357584,0.9999054074287415
layer_head,2/12,46,0.9747379227824833,0.7706125378608704,0.9996815323829651
layer_head,2/13,46,0.9972237840942715,0.936550498008728,0.9999911189079285
layer_head,2/14,46,0.9863537459269814,0.8158639073371887,0.9998000860214233
layer_head,2/15,46,0.9113056782795035,0.23919406533241272,0.9980692267417908
layer_head,2/16,46,0.6214314950225146,0.0574355274438858,0.9999927878379822
layer_head,2/17,46,0.7491048062625139,0.32035601139068604,0.9993751645088196
layer_head,2/18,46,0.995977882457816,0.9242396950721741,0.9998737573623657
layer_head,2/19,46,0.9473269646582396,0.5672046542167664,0.9999255537986755
layer_head,2/2,46,0.9911900927191195,0.7556137442588806,0.9999872446060181
layer_head,2/20,46,0.9862413160178972,0.7806121706962585,0.9999784827232361
layer_head,2/21,46,0.9953478121239206,0.930767297744751,0.9999915361404419
layer_head,2/22,46,0.9989034352095231,0.9835846424102783,0.9999976754188538
layer_head,2/23,46,0.9900072929651841,0.8958861827850342,0.999942421913147
layer_head,2/3,46,0.9916088969811149,0.9779369235038757,0.999090313911438
layer_head,2/4,46,0.9987691601981288,0.995808482170105,0.9998959302902222
layer_head,2/5,46,0.9904313683509827,0.9541164636611938,0.9992234110832214
layer_head,2/6,46,0.9990705148033474,0.9934921860694885,0.9999898672103882
layer_head,2/7,46,0.9966460323852041,0.9767273664474487,0.9999870657920837
layer_head,2/8,46,0.9975217438262441,0.96065753698349,0.9998958110809326
layer_head,2/9,46,0.9975740170997122,0.9764062166213989,0.9999584555625916
layer_head,20/0,46,0.9831520020961761,0.9339061379432678,0.9993817806243896
layer_head,20/1,46,0.9979084004526553,0.980656623840332,0.9997481107711792
layer_head,20/10,46,0.9605305674283401,0.5201976895332336,0.9988654255867004
layer_head,20/11,46,0.936401223682839,0.09731216728687286,0.9994142055511475
layer_head,20/12,46,0.982812402041062,0.8474311232566833,0.9999153017997742
layer_head,20/13,46,0.9883068463076716,0.9171419143676758,0.9999606609344482
layer_head,20/14,46,0.9970085426517155,0.971442461013794,0.9999182224273682
layer_head,20/15,46,0.995023004386736,0.8978587985038757,0.9999355673789978
layer_head,20/16,46,0.9348585527876149,0.059467196464538574,0.9994763731956482
layer_head,20/17,46,0.9996177307937456,0.9965693354606628,0.9999918937683105
layer_head,20/18,46,0.9964017945787181,0.9482552409172058,0.9998987913131714
layer_head,20/19,46,0.905501830837001,0.21360307931900024,0.999823808670044
layer_head,20/2,46,0.9974472833716351,0.962674617767334,0.9997281432151794
layer_head,20/20,46,0.880589339396228,0.27831795811653137,0.9978517293930054
layer_head,20/21,46,0.9640084958594778,0.5113361477851868,0.9998485445976257
layer_head,20/22,46,0.944361203390619,0.3222503066062927,0.998543918132782
layer_head,20/23,46,0.98878271812978,0.9285827875137329,0.9996395111083984
layer_head,20/3,46,0.9994759080202683,0.994245171546936,0.9999257922172546
layer_head,20/4,46,0.9925271492937336,0.8597782254219055,0.9998142123222351
layer_head,20/5,46,0.9763248005638951,0.5845096707344055,0.999498188495636
layer_head,20/6,46,0.9990261961584506,0.9921388626098633,0.9999927282333374
layer_head,20/7,46,0.9976590910683507,0.9834027886390686,0.9999730587005615
layer_head,20/8,46,0.9979341120823569,0.9835582971572876,0.9998831152915955
layer_head,20/9,46,0.9621291277201279,0.3691483736038208,0.9994287490844727
layer_head,21/0,46,0.9561794840771219,0.8156877756118774,0.9983155131340027
layer_head,21/1,46,0.9883987216845803,0.9292516708374023,0.9994419813156128
layer_head,21/10,46,0.8810354309237521,0.3824901282787323,0.9924261569976807
layer_head,21/11,46,0.9111140797967496,0.5913213491439819,0.9971045255661011
layer_head,21/12,46,0.9711188492567643,0.3592650890350342,0.9996626973152161
layer_head,21/13,46,0.9489418293308952,0.05431317910552025,0.999387264251709
layer_head,21/14,46,0.9839116658853448,0.9058431386947632,0.9995663166046143
layer_head,21/15,46,0.963801904702964,0.12096118181943893,0.9995720982551575
layer_head,21/16,46,0.9868556118529775,0.7446129322052002,0.999437689781189
layer_head,21/17,46,0.933416875484197,0.17040042579174042,0.999840259552002
layer_head,21/18,46,0.8953262505971867,0.18078254163265228,0.9970617294311523
layer_head,21/19,46,0.8775027997579182,0.002679157769307494,0.9997430443763733
layer_head,21/2,46,0.9748255921446759,0.8277277946472168,0.9989185929298401
layer_head,21/20,46,0.5991317122850729,0.0936632752418518,0.9960111379623413
layer_head,21/21,46,0.682845392304918,0.26633957028388977,0.9799978137016296
layer_head,21/22,46,0.9889021982317385,0.9328773617744446,0.9998507499694824
layer_head,21/23,46,0.9582468919132067,0.5352569818496704,0.9998122453689575
layer_head,21/3,46,0.9901087789431863,0.948839008808136,0.9994770288467407
layer_head,21/4,46,0.9875136471312979,0.9274366497993469,0.9997138381004333
layer_head,21/5,46,0.898118413336899,0.22505433857440948,0.9997487664222717
layer_head,21/6,46,0.994390625020732,0.8911954760551453,0.9999281167984009
layer_head,21/7,46,0.9972913861274719,0.9503307938575745,0.9999774694442749
layer_head,21/8,46,0.9988673977229906,0.9865029454231262,0.999920666217804
layer_head,21/9,46,0.752593463934634,0.04200630262494087,0.9678598642349243
layer_head,22/0,46,0.9577326416645361,0.0911770686507225,0.9997889995574951
layer_head,22/1,46,0.9711499771346217,0.3003602623939514,0.99805748462677
layer_head,22/10,46,0.9730111520899378,0.07867588847875595,0.999779224395752
layer_head,22/11,46,0.9959315489167753,0.971255362033844,0.9998091459274292
layer_head,22/12,46,0.9984187587447788,0.9931803941726685,0.9998790621757507
layer_head,22/13,46,0.9825610064941904,0.6955395936965942,0.9997618794441223
layer_head,22/14,46,0.8660170018025066,0.22520820796489716,0.9977333545684814
layer_head,22/15,46,0.7254534797823947,0.4077886939048767,0.9229298830032349
layer_head,22/16,46,0.7771617025136948,0.29371336102485657,0.9838591814041138
layer_head,22/17,46,0.8728092384079228,0.1651841402053833,0.9989019632339478
layer_head,22/18,46,0.9997116573478865,0.9962900280952454,0.9999829530715942
layer_head,22/19,46,0.9996539030386054,0.997120201587677,0.999946117401123
layer_head,22/2,46,0.9505663721457772,0.8353783488273621,0.9992345571517944
layer_head,22/20,46,0.9998644046161486,0.9990546107292175,0.9999800324440002
layer_head,22/21,46,0.9610093935676243,0.5682899355888367,0.9993478059768677
layer_head,22/22,46,0.9871281372464221,0.5326086282730103,0.9999779462814331
layer_head,22/23,46,0.9818185386450394,0.5893695950508118,0.9999359250068665
layer_head,22/3,46,0.8954297434943526,0.011512001976370811,0.9998336434364319
layer_head,22/4,46,0.9668424803277721,0.8318166136741638,0.9992719292640686
layer_head,22/5,46,0.9367750079735465,0.1995651125907898,0.9994065165519714
layer_head,22/6,46,0.9981903550417527,0.9933358430862427,0.999841570854187
layer_head,22/7,46,0.9913262543470963,0.8153027892112732,0.999847412109375
layer_head,22/8,46,0.9952963940475298,0.9334943294525146,0.9999521970748901
layer_head,22/9,46,0.9099585588859476,0.1727258563041687,0.9989968538284302
layer_head,23/0,46,0.6358793649984442,0.12571384012699127,0.972579300403595
layer_head,23/1,46,0.9668069935363272,0.9041872024536133,0.9976264834403992
layer_head,23/10,46,0.6414423912115719,0.05384179949760437,0.9845626354217529
layer_head,23/11,46,0.9860761968985848,0.8797792792320251,0.9990784525871277
layer_head,23/12,46,0.9657317723916925,0.7393988370895386,0.9993086457252502
layer_head,23/13,46,0.9391144099442855,0.6067426204681396,0.9996098875999451
layer_head,23/14,46,0.8159060434478781,0.0363415852189064,0.9970436096191406
layer_head,23/15,46,0.8803488842171171,0.19328553974628448,0.9959962368011475
layer_head,23/16,46,0.8551955271674239,0.13758276402950287,0.993046760559082
layer_head,23/17,46,0.5388071413921274,0.04447365179657936,0.9890202879905701
layer_head,23/18,46,0.9987494880738466,0.9912000298500061,0.9999382495880127
layer_head,23/19,46,0.9990483613117881,0.9840311408042908,0.99997478723526
layer_head,23/2,46,0.7190462525772012,0.16035646200180054,0.9857712388038635
layer_head,23/20,46,0.9268314164617787,0.42506569623947144,0.9993351697921753
layer_head,23/21,46,0.9879490331463192,0.8300353288650513,0.9993743896484375
layer_head,23/22,46,0.9522816661907278,0.4547608196735382,0.9986677169799805
layer_head,23/23,46,0.8496115304853605,0.14731980860233307,0.9981768131256104
layer_head,23/3,46,0.952865859736567,0.6322237849235535,0.9988383650779724
layer_head,23/4,46,0.9823765223440917,0.8619495630264282,0.9988436698913574
layer_head,23/5,46,0.96404964250067,0.6799811124801636,0.9990684986114502
layer_head,23/6,46,0.9257473654073217,0.39395421743392944,0.999135434627533
layer_head,23/7,46,0.9765198412148849,0.7944968342781067,0.9999023675918579
layer_head,23/8,46,0.9566186666488647,0.7834378480911255,0.998956024646759
layer_head,23/9,46,0.9034840118787859,0.032702866941690445,0.9990584254264832
layer_head,24/0,46,0.9997304056001746,0.9983394145965576,0.999987781047821
layer_head,24/1,46,0.9935659066490505,0.9321661591529846,0.9998805522918701
layer_head,24/10,46,0.9354654641255088,0.7493054866790771,0.9987201690673828
layer_head,24/11,46,0.5174456301104763,0.04399576410651207,0.9465439319610596
layer_head,24/12,46,0.7033796333100485,0.06908367574214935,0.9938098788261414
layer_head,24/13,46,0.9999218842257624,0.9993549585342407,0.9999919533729553
layer_head,24/14,46,0.9999283746532772,0.9996128678321838,0.9999927878379822
layer_head,24/15,46,0.8538030528503916,0.5035218000411987,0.9950175881385803
layer_head,24/16,46,0.7875089804115503,0.1417875438928604,0.9907621741294861
layer_head,24/17,46,0.7155976661521456,0.17205972969532013,0.9862809777259827
layer_head,24/18,46,0.9968201310738273,0.9210408329963684,0.9999343752861023
layer_head,24/19,46,0.9998809487923331,0.9992365837097168,0.9999917149543762
layer_head,24/2,46,0.994592274012773,0.9703667759895325,0.9998078346252441
layer_head,24/20,46,0.9941894969214564,0.7799271941184998,0.999982476234436
layer_head,24/21,46,0.6076866731695507,0.14045321941375732,0.9508275985717773
layer_head,24/22,46,0.6129989585150843,0.26441678404808044,0.975508451461792
layer_head,24/23,46,0.7797530343675095,0.048715345561504364,0.9826133251190186
layer_head,24/3,46,0.6926201894555403,0.08793389052152634,0.9908288717269897
layer_head,24/4,46,0.5669978552943339,0.00800502672791481,0.9848644137382507
layer_head,24/5,46,0.5069529513787964,0.05612155422568321,0.9968255162239075
layer_head,24/6,46,0.6419267099674629,0.04525216296315193,0.9947145581245422
layer_head,24/7,46,0.43534127300929115,0.004407801665365696,0.9142816662788391
layer_head,24/8,46,0.6990587248102479,0.21542052924633026,0.9493030309677124
layer_head,24/9,46,0.8998932640837587,0.24694816768169403,0.9978968501091003
layer_head,25/0,46,0.9348930768344713,0.5906590819358826,0.9991418719291687
layer_head,25/1,46,0.8503145283978918,0.030219778418540955,0.9977589249610901
layer_head,25/10,46,0.9988918252613234,0.9739850759506226,0.9999871253967285
layer_head,25/11,46,0.9975571256616841,0.9316622018814087,0.9999969601631165
layer_head,25/12,46,0.9989242514838343,0.9897998571395874,0.9999306797981262
layer_head,25/13,46,0.8792848003947217,0.5615556836128235,0.9999100565910339
layer_head,25/14,46,0.9985069567742555,0.9896678328514099,0.9999374151229858
layer_head,25/15,46,0.6844908719396462,0.01776798628270626,0.9991692900657654
layer_head,25/16,46,0.5167438775786887,0.015470368787646294,0.9930948615074158
layer_head,25/17,46,0.8893632642600847,0.37145519256591797,0.9993587732315063
layer_head,25/18,46,0.833856436221496,0.27367573976516724,0.9972224235534668
layer_head,25/19,46,0.7013764806577693,0.04538692906498909,0.9874529838562012
layer_head,25/2,46,0.900024546229321,0.08749207854270935,0.9993701577186584
layer_head,25/20,46,0.9930919914141946,0.8693244457244873,0.9999748468399048
layer_head,25/21,46,0.9698272282662599,0.8178738355636597,0.9996176362037659
layer_head,25/22,46,0.9135727739852407,0.4504006505012512,0.9989464282989502
layer_head,25/23,46,0.6113668321429387,0.05659279599785805,0.999434769153595
layer_head,25/3,46,0.9820607149082682,0.7696073651313782,0.9998579621315002
layer_head,25/4,46,0.9993135268273561,0.9971184134483337,0.9999423027038574
layer_head,25/5,46,0.9379459266429362,0.23826582729816437,0.9995742440223694
layer_head,25/6,46,0.7569610162273698,0.11943507194519043,0.9922158122062683
layer_head,25/7,46,0.7340951309255932,0.2963162958621979,0.9553689956665039
layer_head,25/8,46,0.648506872355938,0.12677699327468872,0.9681301712989807
layer_head,25/9,46,0.9992848155291184,0.9897053837776184,0.9999934434890747
layer_head,26/0,46,0.7001667997759321,0.12712468206882477,0.9786452054977417
layer_head,26/1,46,0.5106392839376855,0.0028033670969307423,0.9805160164833069
layer_head,26/10,46,0.6921577981632688,0.17951951920986176,0.985562264919281
layer_head,26/11,46,0.8023689337398695,0.321311891078949,0.9916448593139648
layer_head,26/12,46,0.656197097638379,0.3088233470916748,0.9995721578598022
layer_head,26/13,46,0.28676969977095723,0.01029838714748621,0.9588563442230225
layer_head,26/14,46,0.8458288946877355,0.3790682554244995,0.9976001977920532
layer_head,26/15,46,0.972166895866394,0.8930261135101318,0.9995648264884949
layer_head,26/16,46,0.8053047533916391,0.21788552403450012,0.9936001896858215
layer_head,26/17,46,0.946195680162181,0.42888593673706055,0.9995077252388
layer_head,26/18,46,0.494288793562547,0.028273187577724457,0.9816349744796753
layer_head,26/19,46,0.5408739121225865,0.052806783467531204,0.9653799533843994
layer_head,26/2,46,0.6377184293840242,0.1614147126674652,0.9901098608970642
layer_head,26/20,46,0.42975447067747946,0.028756175190210342,0.9492387771606445
layer_head,26/21,46,0.8315247948402944,0.09529437124729156,0.9996318221092224
layer_head,26/22,46,0.9066378927749136,0.2502906620502472,0.9970576167106628
layer_head,26/23,46,0.9127562914205634,0.713991105556488,0.9966679811477661
layer_head,26/3,46,0.982187464185383,0.8136889934539795,0.9999409317970276
layer_head,26/4,46,0.9638153483038363,0.46372926235198975,0.9990983605384827
layer_head,26/5,46,0.9564495760461559,0.7830141186714172,0.9971703290939331
layer_head,26/6,46,0.8991584408542385,0.36625543236732483,0.9951438307762146
layer_head,26/7,46,0.6350545361638069,0.03924563527107239,0.9913493394851685
layer_head,26/8,46,0.9033434559469637,0.6582923531532288,0.9956507682800293
layer_head,26/9,46,0.9344276643317678,0.6516029834747314,0.9983532428741455
layer_head,27/0,46,0.357263647708232,0.026785390451550484,0.9994900226593018
layer_head,27/1,46,0.7837319017752357,0.2957637906074524,0.9951467514038086
layer_head,27/10,46,0.908924761025802,0.5385172367095947,0.9976409673690796
layer_head,27/11,46,0.050913022227494206,0.0003533346171025187,0.3268846571445465
layer_head,27/12,46,0.9704587653927181,0.7187849879264832,0.9995958805084229
layer_head,27/13,46,0.9507949638949789,0.10478531569242477,0.9997940063476562
layer_head,27/14,46,0.919686584368996,0.439877450466156,0.9992358684539795
layer_head,27/15,46,0.7211838254462117,0.2682022452354431,0.9990758895874023
layer_head,27/16,46,0.9318946910941083,0.6994382739067078,0.9981759786605835
layer_head,27/17,46,0.9096203096534895,0.6429986357688904,0.997527003288269
layer_head,27/18,46,0.5170587236466615,0.11650776863098145,0.9824253916740417
layer_head,27/19,46,0.6081772208537745,0.07090859115123749,0.9898390173912048
layer_head,27/2,46,0.7812071327605973,0.053378500044345856,0.9989226460456848
layer_head,27/20,46,0.6874311708075844,0.05826062336564064,0.994461715221405
layer_head,27/21,46,0.6639326111130093,0.04516889899969101,0.999130368232727
layer_head,27/22,46,0.9505649740281312,0.7799021005630493,0.9990056157112122
layer_head,27/23,46,0.9186468221571135,0.2913348972797394,0.9984176754951477
layer_head,27/3,46,0.8405868103322776,0.21780584752559662,0.9943093657493591
layer_head,27/4,46,0.8129722443611725,0.26943114399909973,0.9966425895690918
layer_head,27/5,46,0.6833805942341037,0.09317021816968918,0.9992595314979553
layer_head,27/6,46,0.901292429022167,0.5176750421524048,0.9985839128494263
layer_head,27/7,46,0.7402206703048685,0.12171284109354019,0.9928646683692932
layer_head,27/8,46,0.8437200227509374,0.21716195344924927,0.9940280914306641
layer_head,27/9,46,0.7671382851574732,0.09778391569852829,0.9938716888427734
layer_head,3/0,46,0.9808878717215165,0.8881756067276001,0.999941885471344
layer_head,3/1,46,0.948745340756748,0.4025833308696747,0.9999282360076904
layer_head,3/10,46,0.9937235207661338,0.9577717185020447,0.9999551177024841
layer_head,3/11,46,0.991780347150305,0.9006507396697998,0.9997124075889587
layer_head,3/12,46,0.9889849709427875,0.9462512731552124,0.9994746446609497
layer_head,3/13,46,0.9863087819970172,0.9080864787101746,0.9995192885398865
layer_head,3/14,46,0.9701902535946473,0.2930072844028473,0.9996160864830017
layer_head,3/15,46,0.9959277562473131,0.9126337170600891,0.9998829364776611
layer_head,3/16,46,0.9396725795839144,0.39295414090156555,0.9994688630104065
layer_head,3/17,46,0.9873359760512477,0.7962816953659058,0.9997584819793701
layer_head,3/18,46,0.9974527773649796,0.9764519929885864,0.9999434351921082
layer_head,3/19,46,0.9981407989626345,0.9876236319541931,0.9999496936798096
layer_head,3/2,46,0.9841432040152343,0.7805309295654297,0.9999394416809082
layer_head,3/20,46,0.980399094198061,0.8234751224517822,0.9999653100967407
layer_head,3/21,46,0.9373449501783951,0.5657263994216919,0.9994985461235046
layer_head,3/22,46,0.9471677878628606,0.49488532543182373,0.9996271133422852
layer_head,3/23,46,0.961074261561684,0.70904541015625,0.9998798966407776
layer_head,3/3,46,0.9991586376791415,0.9896846413612366,0.9999799728393555
layer_head,3/4,46,0.9985621416050455,0.9909758567810059,0.9999502301216125
layer_head,3/5,46,0.9995017414507659,0.9978184103965759,0.9999881982803345
layer_head,3/6,46,0.9868877374607584,0.942880392074585,0.9996371269226074
layer_head,3/7,46,0.9934214029623114,0.933518648147583,0.9998606443405151
layer_head,3/8,46,0.9954512818999912,0.9612960815429688,0.9998408555984497
layer_head,3/9,46,0.9808684276497882,0.7814896702766418,0.9998748898506165
layer_head,4/0,46,0.9828761103360549,0.917639970779419,0.9999269247055054
layer_head,4/1,46,0.9544151464234227,0.5814443230628967,0.9996476173400879
layer_head,4/10,46,0.9549047467501267,0.8071244955062866,0.9972215294837952
layer_head,4/11,46,0.9741948907789977,0.8195760846138,0.9996058940887451
layer_head,4/12,46,0.9620085993538732,0.8565915822982788,0.9998623132705688
layer_head,4/13,46,0.9713521327661432,0.40835267305374146,0.9998242259025574
layer_head,4/14,46,0.28969306237590703,0.011997123248875141,0.9874672293663025
layer_head,4/15,46,0.9357937146788058,0.6853516697883606,0.9884691834449768
layer_head,4/16,46,0.9423981927659201,0.13516853749752045,0.9998651146888733
layer_head,4/17,46,0.9800663402547007,0.39924857020378113,0.9998727440834045
layer_head,4/18,46,0.9684288825677789,0.7467031478881836,0.9998857378959656
layer_head,4/19,46,0.9637007097835126,0.4821791350841522,0.9999551177024841
layer_head,4/2,46,0.9703620309415071,0.7473400831222534,0.9996529817581177
layer_head,4/20,46,0.9491129744312038,0.21897146105766296,0.9966706037521362
layer_head,4/21,46,0.8855712021417592,0.003378823399543762,0.9999982714653015
layer_head,4/22,46,0.9799031187658724,0.167289137840271,0.9999949932098389
layer_head,4/23,46,0.9911732893923054,0.9368283748626709,0.9999054074287415
layer_head,4/3,46,0.9699744569218677,0.5474088191986084,0.9999627470970154
layer_head,4/4,46,0.9534039223647636,0.07822655886411667,0.9979936480522156
layer_head,4/5,46,0.9778895313325136,0.7259258031845093,0.9997393488883972
layer_head,4/6,46,0.8930868014045383,0.4292052984237671,0.9979645013809204
layer_head,4/7,46,0.953976747782334,0.6702582836151123,0.9975283145904541
layer_head,4/8,46,0.9742074544015138,0.6541954278945923,0.9968826770782471
layer_head,4/9,46,0.9685872832070226,0.8966581225395203,0.9970152378082275
layer_head,5/0,46,0.9693777302037114,0.5139825940132141,0.9999603629112244
layer_head,5/1,46,0.9744488104530002,0.5499853491783142,0.9999344944953918
layer_head,5/10,46,0.7696902623966985,0.10233233124017715,0.9972742795944214
layer_head,5/11,46,0.8657993687235791,0.17053306102752686,0.9975206255912781
layer_head,5/12,46,0.7858947680696197,0.21850468218326569,0.9838295578956604
layer_head,5/13,46,0.8046670044245927,0.1253957748413086,0.9912318587303162
layer_head,5/14,46,0.9737706780433655,0.7864857316017151,0.997336745262146
layer_head,5/15,46,0.998567688724269,0.9916637539863586,0.9999009966850281
layer_head,5/16,46,0.8653174502694089,0.24989357590675354,0.9984371066093445
layer_head,5/17,46,0.9016619130321171,0.32384154200553894,0.9994125962257385
layer_head,5/18,46,0.5939056576918,0.11251513659954071,0.983213484287262
layer_head,5/19,46,0.7209022790193558,0.1951408088207245,0.9910102486610413
layer_head,5/2,46,0.95627869989561,0.7050008177757263,0.9994088411331177
layer_head,5/20,46,0.8762043435936389,0.3702768087387085,0.997750461101532
layer_head,5/21,46,0.9224144725695901,0.6519348621368408,0.9948698282241821
layer_head,5/22,46,0.972370666006337,0.8581385612487793,0.9993728399276733
layer_head,5/23,46,0.9132284586844237,0.15668892860412598,0.9995254874229431
layer_head,5/3,46,0.8201620510738828,0.19293038547039032,0.9888733625411987
layer_head,5/4,46,0.9550259242887083,0.6053199768066406,0.997738778591156
layer_head,5/5,46,0.9542220805002295,0.7577786445617676,0.9920689463615417
layer_head,5/6,46,0.4462612087473921,0.013214867562055588,0.9903697371482849
layer_head,5/7,46,0.9956067489541095,0.9617566466331482,0.9999926686286926
layer_head,5/8,46,0.3567998625398816,0.006603769492357969,0.9847046732902527
layer_head,5/9,46,0.7672772728230642,0.22609230875968933,0.9950115084648132
layer_head,6/0,46,0.9602225552434507,0.03822147846221924,0.9996087551116943
layer_head,6/1,46,0.7034432178606158,0.06828165799379349,0.9948540925979614
layer_head,6/10,46,0.8904790748720584,0.5068694949150085,0.9931910634040833
layer_head,6/11,46,0.9442303647165713,0.5773869156837463,0.9987878203392029
layer_head,6/12,46,0.9004333770793417,0.6143319010734558,0.9955562353134155
layer_head,6/13,46,0.40739219603331195,0.03523885831236839,0.9911893010139465
layer_head,6/14,46,0.8579027714288753,0.1330624669790268,0.996924877166748
layer_head,6/15,46,0.803266422904056,0.3013245165348053,0.9931161403656006
layer_head,6/16,46,0.7404603789681974,0.17491337656974792,0.9867082834243774
layer_head,6/17,46,0.8772804477940435,0.16310128569602966,0.992734968662262
layer_head,6/18,46,0.9784453252087468,0.8591760396957397,0.9982314705848694
layer_head,6/19,46,0.8433686196804047,0.31767866015434265,0.9965267181396484
layer_head,6/2,46,0.8444656068864076,0.21685820817947388,0.9871508479118347
layer_head,6/20,46,0.7042121202077555,0.034009166061878204,0.9922907948493958
layer_head,6/21,46,0.8453370915806812,0.21711772680282593,0.9979155659675598
layer_head,6/22,46,0.5596912611685896,0.001536585041321814,0.9860670566558838
layer_head,6/23,46,0.9403294169384501,0.6105700731277466,0.9996912479400635
layer_head,6/3,46,0.8280438469803851,0.5218574404716492,0.9891603589057922
layer_head,6/4,46,0.8992257364418196,0.4972801208496094,0.9990985989570618
layer_head,6/5,46,0.9283649921417236,0.5507069230079651,0.9982325434684753
layer_head,6/6,46,0.9492387797521509,0.5230157971382141,0.998232901096344
layer_head,6/7,46,0.9286826758281045,0.4652429223060608,0.9991400837898254
layer_head,6/8,46,0.9844574060129083,0.8654465079307556,0.999547004699707
layer_head,6/9,46,0.9532171928364298,0.6701222658157349,0.9995549321174622
layer_head,7/0,46,0.7370071404654047,0.2313295304775238,0.9891548752784729
layer_head,7/1,46,0.5731330364942551,0.22137102484703064,0.9307531118392944
layer_head,7/10,46,0.9175057845271152,0.25699296593666077,0.9982927441596985
layer_head,7/11,46,0.9237109662398048,0.29143744707107544,0.999101459980011
layer_head,7/12,46,0.7749853121197742,0.32661765813827515,0.9915205836296082
layer_head,7/13,46,0.9206703920727191,0.22868004441261292,0.999833345413208
layer_head,7/14,46,0.9531113000019736,0.6998286247253418,0.9981145262718201
layer_head,7/15,46,0.8610435024551724,0.6599075198173523,0.9739668965339661
layer_head,7/16,46,0.39001883339622745,0.24781091511249542,0.5400504469871521
layer_head,7/17,46,0.9400379618872767,0.404241681098938,0.9954630136489868
layer_head,7/18,46,0.7972467075223508,0.22422683238983154,0.97829669713974
layer_head,7/19,46,0.8002082135366357,0.4578080177307129,0.9605918526649475
layer_head,7/2,46,0.7427349965209546,0.27094361186027527,0.9905444383621216
layer_head,7/20,46,0.4383407619012439,0.03235822170972824,0.962692379951477
layer_head,7/21,46,0.9234025633853414,0.5665944814682007,0.990418553352356
layer_head,7/22,46,0.8386405354932599,0.07256103307008743,0.9978268146514893
layer_head,7/23,46,0.968710193167562,0.7135950922966003,0.9979012608528137
layer_head,7/3,46,0.9269136967866317,0.7797701358795166,0.9946019053459167
layer_head,7/4,46,0.9452382222465847,0.7664940357208252,0.9975325465202332
layer_head,7/5,46,0.9488465189933777,0.8321143388748169,0.9952452182769775
layer_head,7/6,46,0.7626331079265346,0.4122352600097656,0.9891918897628784
layer_head,7/7,46,0.9137743335703145,0.5943170785903931,0.9974082112312317
layer_head,7/8,46,0.9251197408074918,0.6088115572929382,0.9978896379470825
layer_head,7/9,46,0.6734683115197264,0.10234738886356354,0.9772831797599792
layer_head,8/0,46,0.3316598497533604,0.004165756516158581,0.9938047528266907
layer_head,8/1,46,0.3662030097583066,0.0720578208565712,0.7254576086997986
layer_head,8/10,46,0.9727772396543751,0.8564342856407166,0.9975003600120544
layer_head,8/11,46,0.9144945118738257,0.630658745765686,0.998482882976532
layer_head,8/12,46,0.6043117422124614,0.17745213210582733,0.9707401394844055
layer_head,8/13,46,0.8909239768981934,0.350943386554718,0.994838297367096
layer_head,8/14,46,0.9081114533802738,0.15576542913913727,0.9987914562225342
layer_head,8/15,46,0.6638993258061616,0.27564719319343567,0.9308640360832214
layer_head,8/16,46,0.530150025435116,0.26832953095436096,0.8635712265968323
layer_head,8/17,46,0.440620261689891,0.16301730275154114,0.822500467300415
layer_head,8/18,46,0.7830013971289863,0.0416860356926918,0.9922590851783752
layer_head,8/19,46,0.9723315368527952,0.7857322096824646,0.999697208404541
layer_head,8/2,46,0.13529975707490888,0.0005336827016435564,0.9600183367729187
layer_head,8/20,46,0.957495778799057,0.6186276078224182,0.9995408058166504
layer_head,8/21,46,0.9178517862506534,0.7964758276939392,0.9902416467666626
layer_head,8/22,46,0.7154500371088153,0.19794882833957672,0.9640035033226013
layer_head,8/23,46,0.8675385778364928,0.5907958745956421,0.9880186319351196
layer_head,8/3,46,0.8707057794798976,0.5560863614082336,0.9775103330612183
layer_head,8/4,46,0.8953657422376715,0.5507641434669495,0.995650589466095
layer_head,8/5,46,0.9644469644712366,0.4873112440109253,0.9989351034164429
layer_head,8/6,46,0.4226429575811262,0.05738261342048645,0.9004783034324646
layer_head,8/7,46,0.8779434561729431,0.6793484687805176,0.9887233972549438
layer_head,8/8,46,0.06340615885584037,0.00015919697762001306,0.5058150887489319
layer_head,8/9,46,0.483742869094662,0.12151169776916504,0.8969550132751465
layer_head,9/0,46,0.8364049623841825,0.533984363079071,0.9674309492111206
layer_head,9/1,46,0.7732378166654835,0.2861115336418152,0.9760764241218567
layer_head,9/10,46,0.4447408333906661,0.03838856890797615,0.9918918609619141
layer_head,9/11,46,0.8628697285185689,0.305838018655777,0.9986298084259033
layer_head,9/12,46,0.42673651805228513,0.015369245782494545,0.9200008511543274
layer_head,9/13,46,0.3545918890639492,0.05823463201522827,0.8999993205070496
layer_head,9/14,46,0.7439025698796563,0.27387967705726624,0.9475688934326172
layer_head,9/15,46,0.9249756167764249,0.6963796615600586,0.9827094674110413
layer_head,9/16,46,0.8270835656186809,0.5068715810775757,0.9840691089630127
layer_head,9/17,46,0.6069548959317415,0.1976889967918396,0.9382854700088501
layer_head,9/18,46,0.8968593607778135,0.5682029128074646,0.9888269305229187
layer_head,9/19,46,0.7101795365628989,0.16586929559707642,0.9971237778663635
layer_head,9/2,46,0.5414028533774874,0.07279890030622482,0.9336839318275452
layer_head,9/20,46,0.9554825088252192,0.33208519220352173,0.9996079802513123
layer_head,9/21,46,0.5965798918319785,0.33282527327537537,0.9034972786903381
layer_head,9/22,46,0.8779960715252421,0.5772053003311157,0.973501980304718
layer_head,9/23,46,0.32549538135366596,0.023231664672493935,0.8886929750442505
layer_head,9/3,46,0.8414317032565242,0.5674182176589966,0.9814961552619934
layer_head,9/4,46,0.9908906467582869,0.8407775163650513,0.9997757077217102
layer_head,9/5,46,0.987312455540118,0.9053314328193665,0.9989851117134094
layer_head,9/6,46,0.6290635218762833,0.08642132580280304,0.9329883456230164
layer_head,9/7,46,0.40530398876770685,0.06989903002977371,0.8120750784873962
layer_head,9/8,46,0.6224429523167403,0.34540101885795593,0.9150581359863281
layer_head,9/9,46,0.46178608938403753,0.14070531725883484,0.9852086901664734
sample_id,add_zxq_after_t_or_l-000931,30912,0.7726480370758767,7.129101931013793e-08,0.9999982714653015
task_id,add_zxq_after_t_or_l,30912,0.7726480370758767,7.129101931013793e-08,0.9999982714653015
token_index,0,672,0.7718061551649354,2.0511076854745625e-06,0.9999613165855408
token_index,1,672,0.8072337705685759,1.971893510699374e-07,0.9999902248382568
token_index,10,672,0.6892185897626942,2.101748350469279e-06,0.9999724626541138
token_index,11,672,0.7263894798989757,5.50868298887508e-06,0.9999858736991882
token_index,12,672,0.7375011724212267,0.0002349639544263482,0.9999787211418152
token_index,13,672,0.7744539939155343,2.798235982481856e-05,0.9999800324440002
token_index,14,672,0.7123336281448468,1.1082080391133786e-06,0.9999906420707703
token_index,15,672,0.7257822624541664,0.0001410576660418883,0.9999817609786987
token_index,16,672,0.6969111002235381,1.2861170262112864e-07,0.9999778270721436
token_index,17,672,0.7392910172137571,1.340716551112564e-07,0.9999799728393555
token_index,18,672,0.7516086434552329,1.3069687554434495e-07,0.9999781250953674
token_index,19,672,0.7638781376545547,7.281159469130216e-06,0.9999872446060181
token_index,2,672,0.7633487131592886,7.753757103046155e-08,0.9999982714653015
token_index,20,672,0.7754482266946612,0.00011414505570428446,0.9999843239784241
token_index,21,672,0.7686380405331794,4.313966655900003e-06,0.9999629259109497
token_index,22,672,0.7481290601975843,2.520497582736425e-05,0.999957263469696
token_index,23,672,0.8063972589350106,0.00016994345060084015,0.9999921917915344
token_index,24,672,0.7463731136820981,9.784430585568771e-05,0.9999969601631165
token_index,25,672,0.7855560364279903,2.2188360162544996e-05,0.9999687671661377
token_index,26,672,0.7912344006910124,0.00041745739872567356,0.9999825358390808
token_index,27,672,0.7883205986997511,0.0013775420375168324,0.9999893307685852
token_index,28,672,0.8172931072568655,3.954087515012361e-05,0.9999919533729553
token_index,29,672,0.7824623579376829,1.5464296666323207e-05,0.9999870657920837
token_index,3,672,0.7572145546093365,0.0001726467744447291,0.9999606013298035
token_index,30,672,0.7791535730535716,0.0002014506608247757,0.9999935030937195
token_index,31,672,0.7894704849015094,9.046438208315521e-05,0.9999896287918091
token_index,32,672,0.7980287131725033,0.0005724634393118322,0.9999949932098389
token_index,33,672,0.8043396845790821,0.00015931145753711462,0.9999969601631165
token_index,34,672,0.8371849790296221,0.00038627570029348135,0.9999927282333374
token_index,35,672,0.7761681278710901,7.052938599372283e-05,0.9999976754188538
token_index,36,672,0.7852797817317987,1.0827398000401445e-05,0.9999927878379822
token_index,37,672,0.8174483855139313,0.00027759248041547835,0.999984622001648
token_index,38,672,0.8572256899404325,0.00027096952544525266,0.9999921917915344
token_index,39,672,0.7922151928580661,2.776459587039426e-05,0.9999952912330627
token_index,4,672,0.7454710052392644,4.624787834472954e-06,0.9999444484710693
token_index,40,672,0.8139515778294437,6.92574103595689e-05,0.9999935626983643
token_index,41,672,0.8166956937019233,3.657590423244983e-05,0.9999876022338867
token_index,42,672,0.8158825894561232,0.00017094446229748428,0.9999881982803345
token_index,43,672,0.8120071210784036,0.0001253506343346089,0.99998939037323
token_index,44,672,0.8086707979270013,1.5977666407707147e-05,0.9999898672103882
token_index,45,672,0.808051818280189,2.9930735763628036e-05,0.9999862909317017
token_index,5,672,0.8023525824952403,3.295909846201539e-05,0.999983012676239
token_index,6,672,0.726046491213063,7.129101931013793e-08,0.9999819993972778
token_index,7,672,0.722476496064924,3.4743943615467288e-06,0.9999926686286926
token_index,8,672,0.7140800850400945,6.963392706893501e-07,0.999948263168335
token_index,9,672,0.6927854148105527,2.6533566597208846e-06,0.9999656081199646
